{
  "auc_pr": 0.6840613484382629,
  "auc_roc": 0.8556245565414429,
  "binary_accuracy": 0.7801980376243591,
  "loss": 0.4430384933948517,
  "precision": 0.8064516186714172,
  "recall": 0.2688172161579132
}