{
  "auc_pr": 0.6426772475242615,
  "auc_roc": 0.8357559442520142,
  "binary_accuracy": 0.7623762488365173,
  "loss": 0.4665932357311249,
  "precision": 0.6822429895401001,
  "recall": 0.2616487443447113
}