{
  "auc_pr": 0.6534277200698853,
  "auc_roc": 0.8301394581794739,
  "binary_accuracy": 0.771287202835083,
  "loss": 0.4759761691093445
}