{
  "auc_pr": 0.6676880121231079,
  "auc_roc": 0.8495049476623535,
  "binary_accuracy": 0.7920792698860168,
  "loss": 0.4572485089302063,
  "precision": 0.7760000228881836,
  "recall": 0.3476702570915222
}