{
  "Atelectasis": 0.801994750656168,
  "Cardiomegaly": 0.7467691622103387,
  "Consolidation": 0.8652573529411764,
  "Edema": 0.9098214285714286,
  "Pleural Effusion": 0.8547327898550724
}